run	stage	job_id	dependency
constant_r1	simulate	38354268	
constant_r1	singer	38354269	38354268
constant_r1	argtest	38354270	38354269
constant_r1	ne	38354271	38354270
constant_r1	mask	38354272	38354270
constant_r1	prepare	38354273	38354272
constant_r1	insertion	38354274	38354271:38354273
constant_r1	merge	38354275	38354274
constant_r2	simulate	38354276	
constant_r2	singer	38354277	38354276
constant_r2	argtest	38354278	38354277
constant_r2	ne	38354279	38354278
constant_r2	mask	38354280	38354278
constant_r2	prepare	38354281	38354280
constant_r2	insertion	38354282	38354279:38354281
constant_r2	merge	38354283	38354282
constant_r3	simulate	38354284	
constant_r3	singer	38354285	38354284
constant_r3	argtest	38354286	38354285
constant_r3	ne	38354287	38354286
constant_r3	mask	38354288	38354286
constant_r3	prepare	38354289	38354288
constant_r3	insertion	38354290	38354287:38354289
constant_r3	merge	38354291	38354290
bottleneck_recovery_r1	simulate	38354292	
bottleneck_recovery_r1	singer	38354293	38354292
bottleneck_recovery_r1	argtest	38354294	38354293
bottleneck_recovery_r1	ne	38354295	38354294
bottleneck_recovery_r1	mask	38354296	38354294
bottleneck_recovery_r1	prepare	38354297	38354296
bottleneck_recovery_r1	insertion	38354298	38354295:38354297
bottleneck_recovery_r1	merge	38354299	38354298
bottleneck_recovery_r2	simulate	38354300	
bottleneck_recovery_r2	singer	38354301	38354300
bottleneck_recovery_r2	argtest	38354302	38354301
bottleneck_recovery_r2	ne	38354303	38354302
bottleneck_recovery_r2	mask	38354304	38354302
bottleneck_recovery_r2	prepare	38354305	38354304
bottleneck_recovery_r2	insertion	38354306	38354303:38354305
bottleneck_recovery_r2	merge	38354307	38354306
bottleneck_recovery_r3	simulate	38354308	
bottleneck_recovery_r3	singer	38354309	38354308
bottleneck_recovery_r3	argtest	38354310	38354309
bottleneck_recovery_r3	ne	38354311	38354310
bottleneck_recovery_r3	mask	38354312	38354310
bottleneck_recovery_r3	prepare	38354313	38354312
bottleneck_recovery_r3	insertion	38354314	38354311:38354313
bottleneck_recovery_r3	merge	38354315	38354314
recent_growth_r1	simulate	38354316	
recent_growth_r1	singer	38354317	38354316
recent_growth_r1	argtest	38354318	38354317
recent_growth_r1	ne	38354319	38354318
recent_growth_r1	mask	38354320	38354318
recent_growth_r1	prepare	38354321	38354320
recent_growth_r1	insertion	38354322	38354319:38354321
recent_growth_r1	merge	38354323	38354322
recent_growth_r2	simulate	38354324	
recent_growth_r2	singer	38354325	38354324
recent_growth_r2	argtest	38354326	38354325
recent_growth_r2	ne	38354327	38354326
recent_growth_r2	mask	38354328	38354326
recent_growth_r2	prepare	38354329	38354328
recent_growth_r2	insertion	38354330	38354327:38354329
recent_growth_r2	merge	38354331	38354330
recent_growth_r3	simulate	38354332	
recent_growth_r3	singer	38354333	38354332
recent_growth_r3	argtest	38354334	38354333
recent_growth_r3	ne	38354335	38354334
recent_growth_r3	mask	38354336	38354334
recent_growth_r3	prepare	38354337	38354336
recent_growth_r3	insertion	38354338	38354335:38354337
recent_growth_r3	merge	38354339	38354338
