replicate	true_T	map_T	mean_T	median_T	ci95_lower_T	ci95_upper_T	contains_true_95	model	Ne	epsilon
1	5457.129834083312	4980.0	4995.632598862001	4994.522653725076	4737.973686835017	5271.883047486392	0	direct ancient-lineage insertion conditional on modern tree	50000.0	0.0
2	4613.21094924136	4640.0	4702.7622370088475	4694.407609033344	4459.151588645196	4967.396523135611	1	direct ancient-lineage insertion conditional on modern tree	50000.0	0.0
3	306.71710297720864	0.0	33.38667134597682	26.921274109724507	1.2165957362291642	123.12906034828498	0	direct ancient-lineage insertion conditional on modern tree	50000.0	0.0
4	4574.385947143199	4580.0	4580.696630090813	4590.62118678817	4200.308715243141	4875.3520699203145	1	direct ancient-lineage insertion conditional on modern tree	50000.0	0.0
5	6305.238944828257	5080.0	5083.292220889776	5088.035153483968	4766.430368121053	5389.588775581456	0	direct ancient-lineage insertion conditional on modern tree	50000.0	0.0
6	3590.973940471097	2880.0	2903.243610036722	2898.2516839343252	2653.989190903853	3158.072157213459	0	direct ancient-lineage insertion conditional on modern tree	50000.0	0.0
7	5526.5449055494155	5380.0	5382.929403088795	5385.547976352576	5134.950064729731	5615.979800861806	1	direct ancient-lineage insertion conditional on modern tree	50000.0	0.0
8	7115.247700782428	7200.0	7146.586589518841	7160.264363967329	6830.329866331566	7396.273933716504	1	direct ancient-lineage insertion conditional on modern tree	50000.0	0.0
9	4722.197404517951	4840.0	4850.8850758659755	4844.6270184597715	4593.351687880655	5136.908074484426	1	direct ancient-lineage insertion conditional on modern tree	50000.0	0.0
10	1769.7967554172012	1680.0	1689.0211210351692	1689.5495643825338	1469.8985851110097	1896.24929693977	1	direct ancient-lineage insertion conditional on modern tree	50000.0	0.0
11	3697.8608422624284	4620.0	4592.085950806345	4600.857058403921	4393.518635783488	4741.586325499717	0	direct ancient-lineage insertion conditional on modern tree	50000.0	0.0
12	9982.416264788046	10000.0	9849.181537265906	9875.248517582126	9558.159669140281	9994.3340988595	1	direct ancient-lineage insertion conditional on modern tree	50000.0	0.0
13	1256.6563259747154	1320.0	1290.0772406077087	1295.5929371377238	1096.262017869061	1467.5485867617108	1	direct ancient-lineage insertion conditional on modern tree	50000.0	0.0
14	6330.208425442493	6320.0	6383.107015523486	6367.809046525601	6116.225275255009	6697.755710799482	1	direct ancient-lineage insertion conditional on modern tree	50000.0	0.0
15	4617.853147106985	4560.0	4388.852528821913	4445.885673808747	3838.6091735697023	4776.374513152244	1	direct ancient-lineage insertion conditional on modern tree	50000.0	0.0
16	6791.025341926732	5840.0	5928.457181979793	5920.598356729771	5529.634056982715	6336.90454849437	0	direct ancient-lineage insertion conditional on modern tree	50000.0	0.0
17	2196.6400491452187	2980.0	2957.3279048430372	2962.29925707527	2875.2528701175956	3013.366346830597	0	direct ancient-lineage insertion conditional on modern tree	50000.0	0.0
18	761.8827357512791	1220.0	1220.0698695242818	1220.3493811315966	1030.9480304427457	1414.4660606005245	0	direct ancient-lineage insertion conditional on modern tree	50000.0	0.0
19	7856.869586366289	7880.0	7833.352017780115	7835.568132471603	7499.389185036062	8136.395886938315	1	direct ancient-lineage insertion conditional on modern tree	50000.0	0.0
20	4209.700425605032	3360.0	3381.5896194876473	3375.6697323512585	3110.0017356012827	3688.3649942012134	0	direct ancient-lineage insertion conditional on modern tree	50000.0	0.0
21	6088.305737095105	5780.0	5784.07224940715	5781.749467189306	5516.383221214088	6059.908188449585	0	direct ancient-lineage insertion conditional on modern tree	50000.0	0.0
22	4340.002403204779	5380.0	5389.182150540364	5390.983700632297	5165.053645212495	5599.2610656025745	0	direct ancient-lineage insertion conditional on modern tree	50000.0	0.0
23	4155.374331216571	3980.0	3952.844989902331	3961.922121835212	3696.3840756059312	4171.011500565539	1	direct ancient-lineage insertion conditional on modern tree	50000.0	0.0
24	7937.567624899795	7480.0	7455.188961739128	7456.214214030583	7143.692735872678	7763.506981284734	0	direct ancient-lineage insertion conditional on modern tree	50000.0	0.0
25	6605.768490948629	6460.0	6449.245195024497	6454.0515379330345	6149.279845164483	6722.334235245964	1	direct ancient-lineage insertion conditional on modern tree	50000.0	0.0
26	6596.212207693646	6880.0	6901.813375219503	6893.780523732333	6643.873442930102	7192.681902407203	0	direct ancient-lineage insertion conditional on modern tree	50000.0	0.0
27	8286.089581278371	7400.0	7370.216161071132	7380.930920545588	6999.2819761148185	7698.445692947872	0	direct ancient-lineage insertion conditional on modern tree	50000.0	0.0
28	4625.6943584920955	4180.0	4201.786443981238	4198.717345624668	3977.804013427883	4431.46283161057	0	direct ancient-lineage insertion conditional on modern tree	50000.0	0.0
29	2991.844945926866	2160.0	2199.407914491359	2194.504445810034	1946.8581823433356	2470.058065356648	0	direct ancient-lineage insertion conditional on modern tree	50000.0	0.0
30	5481.45052326514	4780.0	4787.772427613528	4784.02873036479	4544.091545200991	5053.702604222746	0	direct ancient-lineage insertion conditional on modern tree	50000.0	0.0
31	2025.7722245047105	2340.0	2331.5373027478777	2334.6834948960764	2083.3796731353455	2556.415481254657	0	direct ancient-lineage insertion conditional on modern tree	50000.0	0.0
32	5824.230549722449	5820.0	5778.459222183777	5783.962110595338	5520.90893642222	6016.03667092418	1	direct ancient-lineage insertion conditional on modern tree	50000.0	0.0
33	3181.1789146713677	3020.0	3013.5236310898617	3012.950413851167	2769.420415111074	3264.498708575569	1	direct ancient-lineage insertion conditional on modern tree	50000.0	0.0
34	5525.111892095691	5740.0	5716.066504630133	5720.123671360777	5460.099887662619	5954.462182552112	1	direct ancient-lineage insertion conditional on modern tree	50000.0	0.0
35	7333.636819351961	6160.0	6162.867299761789	6160.620303232998	5896.231399841831	6427.752803826023	0	direct ancient-lineage insertion conditional on modern tree	50000.0	0.0
36	1940.2963018844832	2380.0	2384.799064464381	2383.1729326201244	2145.8350474835092	2629.751993715562	0	direct ancient-lineage insertion conditional on modern tree	50000.0	0.0
37	6189.967076113928	5640.0	5595.029528714188	5603.833859418177	5253.473696563724	5889.459446535037	0	direct ancient-lineage insertion conditional on modern tree	50000.0	0.0
38	2845.151962257364	3160.0	3123.3213322695474	3126.745075418822	2867.069185580936	3372.5697844939746	0	direct ancient-lineage insertion conditional on modern tree	50000.0	0.0
39	8142.664914288693	8980.0	8996.021679244608	8994.671486633419	8715.823563398537	9280.126842762904	0	direct ancient-lineage insertion conditional on modern tree	50000.0	0.0
40	5759.429868344379	5580.0	5619.307327464649	5611.529470308007	5318.031709866596	5942.9293731399575	1	direct ancient-lineage insertion conditional on modern tree	50000.0	0.0
41	7058.752497116681	6680.0	6694.708895143609	6681.299496458631	6357.429163493244	7073.268063306635	1	direct ancient-lineage insertion conditional on modern tree	50000.0	0.0
42	3788.7428265730837	4160.0	4154.884787384927	4158.990125793522	3870.9065762176474	4389.656052793256	0	direct ancient-lineage insertion conditional on modern tree	50000.0	0.0
43	8124.986364640877	8240.0	8230.657911659577	8230.606930340153	7936.390366064489	8526.638944704682	1	direct ancient-lineage insertion conditional on modern tree	50000.0	0.0
44	26.295689735018613	580.0	563.6387012800253	565.0809308331916	384.3495796836792	733.5820289458757	0	direct ancient-lineage insertion conditional on modern tree	50000.0	0.0
45	8503.737168999543	8780.0	8758.503258788045	8764.020020099468	8406.221124206406	9078.608801359358	1	direct ancient-lineage insertion conditional on modern tree	50000.0	0.0
46	8875.641207221639	8980.0	8905.44089254168	8921.49968138624	8540.589743915718	9219.849554194374	1	direct ancient-lineage insertion conditional on modern tree	50000.0	0.0
47	8907.387562275959	8900.0	8880.8153804803	8885.254481118398	8534.81501226778	9212.12387354444	1	direct ancient-lineage insertion conditional on modern tree	50000.0	0.0
48	2596.204001529274	2760.0	2756.8167168118916	2758.5290282795845	2560.4689475831938	2931.3180291987446	1	direct ancient-lineage insertion conditional on modern tree	50000.0	0.0
49	789.6148883857601	800.0	875.7430143491895	856.0831174535616	666.479579519746	1138.9025770949856	1	direct ancient-lineage insertion conditional on modern tree	50000.0	0.0
50	321.95976705287177	740.0	740.9763725446587	741.3366205503229	570.3376911586194	912.5985778331487	0	direct ancient-lineage insertion conditional on modern tree	50000.0	0.0
51	9321.289038678013	9280.0	9338.642621001849	9316.937375752826	8967.011230090073	9783.620902695713	1	direct ancient-lineage insertion conditional on modern tree	50000.0	0.0
52	3090.8906253398604	2940.0	2884.6350230028806	2893.80906276959	2615.6497436839445	3095.0092275733396	1	direct ancient-lineage insertion conditional on modern tree	50000.0	0.0
53	860.649278007638	200.0	209.85647811114342	207.02819255698697	44.08030349259583	391.6108766229931	0	direct ancient-lineage insertion conditional on modern tree	50000.0	0.0
54	1216.495020089119	1100.0	1120.8274575187975	1119.0906065203515	910.2569819811458	1319.3523990845981	1	direct ancient-lineage insertion conditional on modern tree	50000.0	0.0
55	5306.731013155382	5400.0	5376.263949833115	5382.031768856916	5086.202719214255	5630.142355522785	1	direct ancient-lineage insertion conditional on modern tree	50000.0	0.0
56	4903.607778618312	4860.0	4896.1725232916515	4884.903863113363	4668.924787279776	5166.570822500813	1	direct ancient-lineage insertion conditional on modern tree	50000.0	0.0
57	4937.1329232790895	4960.0	4958.144576709409	4953.555814218946	4709.072752838487	5223.173601690349	1	direct ancient-lineage insertion conditional on modern tree	50000.0	0.0
58	9088.213034648175	10000.0	9952.021835324986	9963.042556301447	9833.121087616191	9998.389875410072	0	direct ancient-lineage insertion conditional on modern tree	50000.0	0.0
59	1119.168941405968	1220.0	1200.396551904913	1198.4212363129182	1005.4185318924642	1410.7007233701895	1	direct ancient-lineage insertion conditional on modern tree	50000.0	0.0
60	4308.80207772411	4080.0	4077.9563683473366	4087.195652697239	3698.4847669880814	4394.3696768768605	1	direct ancient-lineage insertion conditional on modern tree	50000.0	0.0
61	2554.1921710397196	1780.0	1835.4039388109136	1812.1200493614676	1571.862372551246	2304.876033425133	0	direct ancient-lineage insertion conditional on modern tree	50000.0	0.0
62	302.3270822973656	0.0	48.147374735433786	39.8198923335173	1.6695646429555522	149.28326126415666	0	direct ancient-lineage insertion conditional on modern tree	50000.0	0.0
63	5294.71273411345	4980.0	4947.185533376485	4956.639054779106	4655.839980543939	5194.75513834321	0	direct ancient-lineage insertion conditional on modern tree	50000.0	0.0
64	6661.487646842277	6520.0	6516.600818578839	6517.056545880338	6259.016893612035	6757.312505747984	1	direct ancient-lineage insertion conditional on modern tree	50000.0	0.0
65	7339.732144445932	7640.0	7635.83965624812	7634.497109195385	7364.954110653961	7910.857942685317	0	direct ancient-lineage insertion conditional on modern tree	50000.0	0.0
66	6231.210796999482	7140.0	7172.108135599924	7168.159237124692	6946.993854762077	7399.663994801321	0	direct ancient-lineage insertion conditional on modern tree	50000.0	0.0
67	3262.872319198802	4480.0	4436.873782171743	4444.099115410354	4191.977420861685	4654.939693611561	0	direct ancient-lineage insertion conditional on modern tree	50000.0	0.0
68	6798.808421202343	6720.0	6711.740197164033	6711.900989999451	6433.163374078679	6994.584904144336	1	direct ancient-lineage insertion conditional on modern tree	50000.0	0.0
69	2930.0421407988365	2800.0	2783.895501978243	2788.249499538622	2441.687238112053	3074.1893207624876	1	direct ancient-lineage insertion conditional on modern tree	50000.0	0.0
70	2700.949564196655	2900.0	2949.4746320941426	2935.3060880248017	2631.6264456536524	3289.4654902048946	1	direct ancient-lineage insertion conditional on modern tree	50000.0	0.0
71	3140.1926142152015	4040.0	3997.6601892604194	3998.025083745141	3775.001165615199	4214.0362025625855	0	direct ancient-lineage insertion conditional on modern tree	50000.0	0.0
72	7687.6228540876955	7360.0	7362.342164094645	7363.778015621861	7087.1541407236155	7632.818089147014	0	direct ancient-lineage insertion conditional on modern tree	50000.0	0.0
73	3497.0480525195658	3660.0	3546.231251048587	3556.0705624610964	3231.651313245935	3853.0625252268724	1	direct ancient-lineage insertion conditional on modern tree	50000.0	0.0
74	5221.331232687574	5320.0	5321.52397818168	5319.927906727275	5103.217866321418	5550.835130660875	1	direct ancient-lineage insertion conditional on modern tree	50000.0	0.0
75	7055.243453806031	6820.0	6818.374479750408	6817.029196827035	6543.004778255946	7095.96046199755	1	direct ancient-lineage insertion conditional on modern tree	50000.0	0.0
76	4578.00074907935	5000.0	5012.520996999114	5017.819649540389	4671.812920925846	5305.7923466791735	0	direct ancient-lineage insertion conditional on modern tree	50000.0	0.0
77	6329.752116503336	5640.0	5628.644814614865	5622.4649268996045	5312.214700187507	5977.169480631134	0	direct ancient-lineage insertion conditional on modern tree	50000.0	0.0
78	9784.504749224841	8960.0	8994.816139887487	8991.834546938002	8672.293032856121	9339.850868745514	0	direct ancient-lineage insertion conditional on modern tree	50000.0	0.0
79	6499.5661945994225	6040.0	6045.452993253275	6042.289657212834	5830.860146962902	6285.689775975695	0	direct ancient-lineage insertion conditional on modern tree	50000.0	0.0
80	1451.797759842166	1740.0	1734.8962300983437	1730.450085230434	1468.419704534133	2016.5497285183988	0	direct ancient-lineage insertion conditional on modern tree	50000.0	0.0
81	5469.10117292977	4920.0	4896.326556922317	4894.821243006634	4577.506358215316	5225.788759201003	0	direct ancient-lineage insertion conditional on modern tree	50000.0	0.0
82	6615.970613356114	5940.0	5965.758813726187	5965.789400316481	5664.932009851289	6248.667080163109	0	direct ancient-lineage insertion conditional on modern tree	50000.0	0.0
83	5788.060482197626	6740.0	6708.530843062896	6717.146506000527	6393.632106021126	6981.121764677624	0	direct ancient-lineage insertion conditional on modern tree	50000.0	0.0
84	6946.74033281964	6080.0	6087.212519691412	6085.449724406193	5824.752285322016	6359.428169025423	0	direct ancient-lineage insertion conditional on modern tree	50000.0	0.0
85	9686.802105870695	10000.0	9915.641940298048	9934.662740248505	9723.35928094457	9997.166184521806	0	direct ancient-lineage insertion conditional on modern tree	50000.0	0.0
86	2800.1030238032554	2960.0	2948.7540257789683	2952.500054206603	2711.9030991652853	3173.061392839768	1	direct ancient-lineage insertion conditional on modern tree	50000.0	0.0
87	8421.741424572521	8520.0	8484.129341959784	8492.608563348027	8212.860007583571	8714.083826998225	1	direct ancient-lineage insertion conditional on modern tree	50000.0	0.0
88	1852.4985082580304	1940.0	1952.9155138048245	1956.3825627499011	1656.458692224783	2214.5217051550776	1	direct ancient-lineage insertion conditional on modern tree	50000.0	0.0
89	9313.434875352015	9080.0	9102.324639489829	9097.65738228571	8794.678967478469	9442.684620213811	1	direct ancient-lineage insertion conditional on modern tree	50000.0	0.0
90	2118.139834609114	2000.0	1990.2440156716834	1989.0971657669268	1785.1579754785512	2208.4651350564022	1	direct ancient-lineage insertion conditional on modern tree	50000.0	0.0
91	4656.3737716336755	5280.0	5301.852305035187	5294.962422553537	5058.853247941346	5582.513974246146	0	direct ancient-lineage insertion conditional on modern tree	50000.0	0.0
92	2867.517161278649	3320.0	3268.0292319117934	3277.986880771491	3016.5376740794604	3504.1332185261963	0	direct ancient-lineage insertion conditional on modern tree	50000.0	0.0
93	1965.035208188185	1440.0	1453.6037846547058	1436.2276319988591	1239.870665678843	1735.4968031073354	0	direct ancient-lineage insertion conditional on modern tree	50000.0	0.0
94	2826.589582818959	3140.0	3148.4346732206764	3157.4815012061363	2804.1871503378884	3412.5536729986184	1	direct ancient-lineage insertion conditional on modern tree	50000.0	0.0
95	9506.35475075096	9060.0	9044.6698238381	9059.60832306779	8634.50687964669	9384.0663897129	0	direct ancient-lineage insertion conditional on modern tree	50000.0	0.0
96	7460.4104264013295	7420.0	7420.808033594943	7421.19035743394	7146.168079224119	7684.041038103094	1	direct ancient-lineage insertion conditional on modern tree	50000.0	0.0
97	734.5535604485775	0.0	80.27089522575919	70.55405644991448	3.291871730763676	212.63804752693753	0	direct ancient-lineage insertion conditional on modern tree	50000.0	0.0
98	3725.9470866129686	3620.0	3587.1098862228814	3598.42039311391	3263.589921794132	3876.5787100733887	1	direct ancient-lineage insertion conditional on modern tree	50000.0	0.0
99	2991.5872509413966	2880.0	2885.587224975334	2890.8892989337014	2625.8498051864167	3102.7685543347875	1	direct ancient-lineage insertion conditional on modern tree	50000.0	0.0
100	5696.040955561806	5620.0	5569.346664852747	5572.494231563943	5325.627445033376	5806.616100093569	1	direct ancient-lineage insertion conditional on modern tree	50000.0	0.0
