T	log_posterior	density
0	-45289.4	1.92523e-37
20	-45288.6	4.35726e-37
40	-45287.4	1.32655e-36
60	-45286.6	3.00543e-36
80	-45285.7	7.37774e-36
100	-45284.9	1.63735e-35
120	-45283.9	4.43976e-35
140	-45283	1.14226e-34
160	-45282.4	2.12713e-34
180	-45281.3	6.08091e-34
200	-45280.2	1.9375e-33
220	-45279.4	3.92531e-33
240	-45278.9	6.4974e-33
260	-45278	1.64786e-32
280	-45276.8	5.3123e-32
300	-45276.1	1.10768e-31
320	-45275.4	2.30479e-31
340	-45274.5	5.48172e-31
360	-45273.7	1.18486e-30
380	-45273	2.58574e-30
400	-45272.1	6.32131e-30
420	-45271.3	1.39973e-29
440	-45270.2	4.05552e-29
460	-45269.4	9.19601e-29
480	-45268.9	1.5342e-28
500	-45267.8	4.40568e-28
520	-45267.3	7.68814e-28
540	-45266.3	1.93352e-27
560	-45265.6	4.19841e-27
580	-45265	7.40792e-27
600	-45264.2	1.67675e-26
620	-45263.4	3.81732e-26
640	-45262.7	7.48146e-26
660	-45261.8	1.73665e-25
680	-45261	4.02941e-25
700	-45260.3	7.7307e-25
720	-45259.7	1.491e-24
740	-45258.8	3.46314e-24
760	-45258.2	6.75031e-24
780	-45257.3	1.54929e-23
800	-45256.7	3.11465e-23
820	-45255.9	6.35529e-23
840	-45255.3	1.25519e-22
860	-45254.6	2.49756e-22
880	-45254	4.37386e-22
900	-45253.5	7.42186e-22
920	-45252.6	1.79483e-21
940	-45251.9	3.50106e-21
960	-45251.4	6.23862e-21
980	-45250.7	1.17929e-20
1000	-45249.9	2.67063e-20
1020	-45249.3	4.68619e-20
1040	-45248.6	9.39315e-20
1060	-45248.1	1.67184e-19
1080	-45247.5	3.02886e-19
1100	-45246.8	5.65877e-19
1120	-45246.4	8.64369e-19
1140	-45245.4	2.42339e-18
1160	-45244.9	4.00851e-18
1180	-45244.3	7.14645e-18
1200	-45243.8	1.19371e-17
1220	-45243.4	1.81213e-17
1240	-45242.6	4.06914e-17
1260	-45241.7	9.39273e-17
1280	-45241.5	1.14143e-16
1300	-45241.1	1.82169e-16
1320	-45240.5	3.09521e-16
1340	-45239.3	1.09234e-15
1360	-45239.3	1.07436e-15
1380	-45238.6	2.13305e-15
1400	-45238.2	3.37456e-15
1420	-45237.6	5.81001e-15
1440	-45237.5	6.19477e-15
1460	-45236.5	1.72224e-14
1480	-45236.1	2.68892e-14
1500	-45235.5	4.68232e-14
1520	-45235.1	7.29094e-14
1540	-45234.9	8.55067e-14
1560	-45233.9	2.27136e-13
1580	-45233.6	3.10984e-13
1600	-45232.9	6.49302e-13
1620	-45232.5	9.82397e-13
1640	-45231.9	1.78612e-12
1660	-45231.4	2.88023e-12
1680	-45231	4.29028e-12
1700	-45231	4.41425e-12
1720	-45230	1.12722e-11
1740	-45229.8	1.38248e-11
1760	-45229.7	1.53647e-11
1780	-45228.9	3.41111e-11
1800	-45228.6	4.61525e-11
1820	-45228.1	7.49554e-11
1840	-45227.8	1.01535e-10
1860	-45227.3	1.72262e-10
1880	-45227.5	1.46524e-10
1900	-45226.5	3.91238e-10
1920	-45226.2	5.23536e-10
1940	-45225.8	8.07985e-10
1960	-45225.7	8.76269e-10
1980	-45225.2	1.37771e-09
2000	-45224.8	2.15746e-09
2020	-45224.5	3.00559e-09
2040	-45223.9	4.97699e-09
2060	-45223.4	8.94152e-09
2080	-45223.4	8.52577e-09
2100	-45222.8	1.59461e-08
2120	-45222.4	2.30752e-08
2140	-45222	3.34095e-08
2160	-45221.9	3.72554e-08
2180	-45221.4	6.2554e-08
2200	-45221.4	6.39786e-08
2220	-45220.4	1.64627e-07
2240	-45220.5	1.62133e-07
2260	-45220.5	1.53118e-07
2280	-45220	2.57324e-07
2300	-45219.9	2.79433e-07
2320	-45219.3	5.41024e-07
2340	-45219.2	5.46855e-07
2360	-45219	7.24282e-07
2380	-45218.9	7.93494e-07
2400	-45218.6	1.07154e-06
2420	-45218.4	1.23871e-06
2440	-45218.1	1.67723e-06
2460	-45217.7	2.49047e-06
2480	-45217.4	3.43687e-06
2500	-45217.1	4.48179e-06
2520	-45217	5.22893e-06
2540	-45216.7	6.83856e-06
2560	-45216.7	6.86386e-06
2580	-45216.2	1.10792e-05
2600	-45215.9	1.49459e-05
2620	-45216.2	1.1787e-05
2640	-45215.6	2.01808e-05
2660	-45215.5	2.41513e-05
2680	-45215.1	3.59629e-05
2700	-45215	3.76695e-05
2720	-45214.5	6.00636e-05
2740	-45214.6	5.91972e-05
2760	-45214.5	6.24886e-05
2780	-45214.4	7.29021e-05
2800	-45214.2	8.55592e-05
2820	-45213.9	0.000116516
2840	-45213.8	0.000131686
2860	-45213.8	0.000125433
2880	-45213.5	0.00016394
2900	-45213.8	0.000126233
2920	-45213.1	0.000257639
2940	-45212.9	0.000315151
2960	-45213	0.000281743
2980	-45212.8	0.000358809
3000	-45212.7	0.000389416
3020	-45212.4	0.000538558
3040	-45212.6	0.000434772
3060	-45212.4	0.000534388
3080	-45212.3	0.00054722
3100	-45212.2	0.000602662
3120	-45211.9	0.000822616
3140	-45212.2	0.000654001
3160	-45211.8	0.000913511
3180	-45212	0.000801698
3200	-45211.8	0.00094837
3220	-45211.7	0.00103156
3240	-45211.6	0.00112041
3260	-45211.7	0.000991316
3280	-45211.7	0.00105454
3300	-45211.6	0.00109995
3320	-45211.3	0.00150919
3340	-45211.6	0.00110869
3360	-45211.6	0.00117658
3380	-45211.8	0.000930041
3400	-45211.5	0.00124463
3420	-45211.5	0.00124268
3440	-45211.4	0.0014371
3460	-45211.5	0.00123088
3480	-45211.6	0.00117089
3500	-45211.4	0.00136644
3520	-45211.5	0.00120835
3540	-45211.6	0.00118439
3560	-45211.3	0.00150924
3580	-45211.5	0.00132755
3600	-45211.6	0.00111434
3620	-45211.4	0.00138423
3640	-45211.5	0.00131493
3660	-45211.8	0.00097572
3680	-45211.8	0.000945578
3700	-45211.5	0.00126649
3720	-45211.7	0.00105141
3740	-45211.8	0.00089254
3760	-45212.2	0.000640027
3780	-45212.2	0.000598114
3800	-45212.1	0.000694778
3820	-45212.1	0.000729748
3840	-45212.2	0.000656894
3860	-45212.2	0.000599119
3880	-45212.2	0.000602451
3900	-45212.3	0.000591733
3920	-45212.8	0.000352777
3940	-45212.7	0.000365658
3960	-45212.8	0.000333507
3980	-45212.8	0.000330629
4000	-45213	0.000274916
4020	-45213.2	0.000227759
4040	-45213.3	0.00021097
4060	-45213.4	0.000192547
4080	-45213.5	0.000170671
4100	-45213.7	0.000137734
4120	-45213.6	0.000150147
4140	-45214	0.00010249
4160	-45214.1	9.44379e-05
4180	-45214.3	7.87221e-05
4200	-45214.4	7.24239e-05
4220	-45214.7	5.32626e-05
4240	-45214.9	4.29552e-05
4260	-45215	3.74933e-05
4280	-45215.1	3.55346e-05
4300	-45215.4	2.49245e-05
4320	-45215.6	2.04033e-05
4340	-45215.9	1.48777e-05
4360	-45215.9	1.50649e-05
4380	-45216.2	1.14818e-05
4400	-45216.5	8.39146e-06
4420	-45216.6	7.3497e-06
4440	-45216.6	7.62683e-06
4460	-45216.9	5.56637e-06
4480	-45217.2	4.25717e-06
4500	-45217.4	3.5244e-06
4520	-45217.9	2.11485e-06
4540	-45217.8	2.4346e-06
4560	-45218.1	1.64893e-06
4580	-45218.5	1.18489e-06
4600	-45218.6	9.97814e-07
4620	-45218.7	9.41383e-07
4640	-45219	7.17442e-07
4660	-45219.6	3.70155e-07
4680	-45219.7	3.58977e-07
4700	-45220	2.58216e-07
4720	-45220.3	1.92904e-07
4740	-45220.5	1.61998e-07
4760	-45220.9	1.06783e-07
4780	-45221.2	8.01713e-08
4800	-45221.5	5.87129e-08
4820	-45221.6	4.98074e-08
4840	-45222.2	2.84879e-08
4860	-45222.1	3.08179e-08
4880	-45222.7	1.80618e-08
4900	-45223	1.33483e-08
4920	-45223.2	1.05351e-08
4940	-45223.7	6.07787e-09
4960	-45223.8	5.51868e-09
4980	-45224.3	3.59499e-09
5000	-45224.4	3.19875e-09
5020	-45224.9	1.89371e-09
5040	-45225.1	1.58e-09
5060	-45225.3	1.33476e-09
5080	-45225.9	7.22992e-10
5100	-45226.5	3.81566e-10
5120	-45226.8	2.80054e-10
5140	-45227	2.39631e-10
5160	-45227.3	1.74504e-10
5180	-45227.6	1.34226e-10
5200	-45228	8.43641e-11
5220	-45228.3	6.22357e-11
5240	-45229	3.29579e-11
5260	-45229.5	1.97573e-11
5280	-45229.5	1.84081e-11
5300	-45229.8	1.36838e-11
5320	-45230.4	7.82211e-12
5340	-45230.7	5.86269e-12
5360	-45230.9	4.80398e-12
5380	-45231.2	3.405e-12
5400	-45231.9	1.80498e-12
5420	-45232.3	1.14416e-12
5440	-45232.7	7.7061e-13
5460	-45233.2	4.78121e-13
5480	-45233.6	3.27831e-13
5500	-45234.1	1.98274e-13
5520	-45234.4	1.43763e-13
5540	-45234.9	8.86319e-14
5560	-45235.4	5.3875e-14
5580	-45235.7	3.91774e-14
5600	-45236.3	2.07505e-14
5620	-45236.6	1.56894e-14
5640	-45237	1.0185e-14
5660	-45237.6	6.07888e-15
5680	-45238	3.94632e-15
5700	-45238.2	3.11269e-15
5720	-45239.2	1.20551e-15
5740	-45239.6	8.0478e-16
5760	-45240.1	4.99814e-16
5780	-45240.3	3.79025e-16
5800	-45241.3	1.46335e-16
5820	-45241.4	1.30005e-16
5840	-45241.8	9.07237e-17
5860	-45242.4	4.80262e-17
5880	-45242.8	3.13479e-17
5900	-45243.6	1.46155e-17
5920	-45244	9.58639e-18
5940	-45244.5	5.65076e-18
5960	-45245	3.61766e-18
5980	-45245.6	1.89645e-18
6000	-45246.1	1.15794e-18
6020	-45246.9	5.61257e-19
6040	-45247	4.74665e-19
6060	-45247.7	2.47516e-19
6080	-45248.1	1.62339e-19
6100	-45248.9	6.89835e-20
6120	-45249.3	4.71238e-20
6140	-45249.8	3.03794e-20
6160	-45250.4	1.56049e-20
6180	-45251	9.0866e-21
6200	-45251.7	4.5934e-21
6220	-45252.2	2.62699e-21
6240	-45252.5	1.90874e-21
6260	-45253.4	8.26959e-22
6280	-45253.9	5.10641e-22
6300	-45254.2	3.71154e-22
6320	-45254.8	2.04035e-22
6340	-45255.5	9.96425e-23
6360	-45256.1	5.45215e-23
6380	-45256.8	2.5699e-23
6400	-45257.3	1.60215e-23
6420	-45258.2	6.94185e-24
6440	-45258.6	4.52885e-24
6460	-45259.4	1.99521e-24
6480	-45259.7	1.50014e-24
6500	-45260.4	7.32288e-25
6520	-45261.2	3.34982e-25
6540	-45262	1.44374e-25
6560	-45262.4	9.69149e-26
6580	-45263.1	4.78112e-26
6600	-45263.7	2.639e-26
6620	-45264.3	1.5251e-26
6640	-45264.8	9.01967e-27
6660	-45265.5	4.38084e-27
6680	-45266.2	2.24996e-27
6700	-45266.5	1.57127e-27
6720	-45267.4	6.53242e-28
6740	-45268.4	2.58098e-28
6760	-45269.1	1.18873e-28
6780	-45269.4	8.64774e-29
6800	-45270.2	3.91794e-29
6820	-45271	1.82434e-29
6840	-45271.5	1.07438e-29
6860	-45272.4	4.52746e-30
6880	-45272.9	2.86262e-30
6900	-45273.4	1.57987e-30
6920	-45274.4	5.83473e-31
6940	-45275.1	3.0807e-31
6960	-45275.9	1.35259e-31
6980	-45276.5	7.417e-32
7000	-45277.2	3.87743e-32
7020	-45277.8	1.98115e-32
7040	-45278.8	7.4744e-33
7060	-45279.4	4.26574e-33
7080	-45280.2	1.77341e-33
7100	-45280.9	9.23524e-34
7120	-45281.3	6.00186e-34
7140	-45282.2	2.59754e-34
7160	-45282.9	1.28956e-34
7180	-45283.7	5.71202e-35
7200	-45284.4	2.66678e-35
7220	-45285	1.49905e-35
7240	-45285.8	7.15576e-36
7260	-45286.6	3.14523e-36
7280	-45287.1	1.77802e-36
7300	-45288	7.87361e-37
7320	-45288.9	2.93362e-37
7340	-45289.6	1.59988e-37
7360	-45290.3	7.29719e-38
7380	-45291	3.86433e-38
7400	-45291.6	2.02674e-38
7420	-45292.6	7.69114e-39
7440	-45293.2	4.1778e-39
7460	-45294	1.86127e-39
7480	-45294.8	8.39647e-40
7500	-45295.7	3.49337e-40
7520	-45296.5	1.58805e-40
7540	-45297.1	8.82196e-41
7560	-45298	3.46214e-41
7580	-45298.6	1.9749e-41
7600	-45299.4	8.279e-42
7620	-45300.3	3.51388e-42
7640	-45300.9	1.81518e-42
7660	-45301.9	6.73846e-43
7680	-45302.5	3.93856e-43
7700	-45303.5	1.43627e-43
7720	-45304.1	8.0635e-44
7740	-45305.1	2.8941e-44
7760	-45305.7	1.56327e-44
7780	-45306.7	5.80433e-45
7800	-45307.4	2.81694e-45
7820	-45308.2	1.28155e-45
7840	-45309.3	4.05549e-46
7860	-45310	2.03669e-46
7880	-45310.9	8.85534e-47
7900	-45311.5	4.91437e-47
7920	-45312.7	1.47345e-47
7940	-45313.3	8.05933e-48
7960	-45314.1	3.40959e-48
7980	-45315.1	1.26028e-48
8000	-45316	5.46179e-49
8020	-45316.8	2.25251e-49
8040	-45317.8	8.57251e-50
8060	-45318.6	4.0449e-50
8080	-45319.5	1.6503e-50
8100	-45320.5	5.68092e-51
8120	-45321.3	2.66403e-51
8140	-45322.4	8.66322e-52
8160	-45323.3	3.48149e-52
8180	-45324.3	1.3506e-52
8200	-45325	6.18125e-53
8220	-45325.9	2.67197e-53
8240	-45326.6	1.31953e-53
8260	-45327.6	4.7365e-54
8280	-45328.5	2.02137e-54
8300	-45329.5	7.26002e-55
8320	-45330.4	2.85271e-55
8340	-45331.3	1.18683e-55
8360	-45332.3	4.4393e-56
8380	-45333.1	1.95762e-56
8400	-45334	7.66479e-57
8420	-45335.1	2.55477e-57
8440	-45336.1	1.01617e-57
8460	-45336.9	4.20838e-58
8480	-45338.1	1.35092e-58
8500	-45339	5.34173e-59
8520	-45339.9	2.18978e-59
8540	-45340.9	8.09018e-60
8560	-45341.7	3.52148e-60
8580	-45342.9	1.04758e-60
8600	-45343.8	4.51458e-61
8620	-45344.9	1.52883e-61
8640	-45345.9	5.32297e-62
8660	-45346.7	2.3847e-62
8680	-45347.8	8.08901e-63
8700	-45348.8	2.90498e-63
8720	-45349.7	1.26739e-63
8740	-45351	3.20357e-64
8760	-45352	1.26006e-64
8780	-45352.9	5.05074e-65
8800	-45354	1.71469e-65
8820	-45354.7	8.01131e-66
8840	-45355.9	2.53797e-66
8860	-45357.1	7.63717e-67
8880	-45357.7	4.03287e-67
8900	-45359	1.07705e-67
8920	-45360	3.9706e-68
8940	-45361.1	1.37997e-68
8960	-45362.1	4.74331e-69
8980	-45363.4	1.32653e-69
9000	-45364.4	5.00769e-70
9020	-45365.4	1.85683e-70
9040	-45366.5	6.10516e-71
9060	-45367.5	2.21891e-71
9080	-45368.3	1.04867e-71
9100	-45369.6	2.68977e-72
9120	-45370.4	1.23819e-72
9140	-45371.8	3.07501e-73
9160	-45372.8	1.14161e-73
9180	-45373.6	5.04155e-74
9200	-45374.9	1.39121e-74
9220	-45375.8	5.82617e-75
9240	-45376.9	1.80655e-75
9260	-45378.1	5.66992e-76
9280	-45379	2.27796e-76
9300	-45380.4	5.4768e-77
9320	-45381.6	1.66247e-77
9340	-45382.4	7.63904e-78
9360	-45383.6	2.34094e-78
9380	-45384.7	7.63495e-79
9400	-45385.6	2.99257e-79
9420	-45386.8	9.22608e-80
9440	-45387.9	3.04184e-80
9460	-45389	1.06333e-80
9480	-45390	3.73331e-81
9500	-45391.2	1.12129e-81
9520	-45392.5	3.16697e-82
9540	-45393.5	1.2012e-82
9560	-45394.6	3.78195e-83
9580	-45395.8	1.18438e-83
9600	-45396.9	3.92023e-84
9620	-45397.9	1.43663e-84
9640	-45398.8	5.56406e-85
9660	-45399.7	2.29695e-85
9680	-45401.1	5.91096e-86
9700	-45402.1	2.17203e-86
9720	-45403	8.56577e-87
9740	-45404.2	2.62359e-87
9760	-45405.3	8.59955e-88
9780	-45406.3	3.09562e-88
9800	-45407.5	1.00363e-88
9820	-45408.4	3.73764e-89
9840	-45409.5	1.29883e-89
9860	-45410.7	4.07046e-90
9880	-45411.8	1.28682e-90
9900	-45413	4.03167e-91
9920	-45413.8	1.7589e-91
9940	-45415.1	5.00675e-92
9960	-45416.3	1.50492e-92
9980	-45417.3	5.43952e-93
10000	-45418.3	1.88865e-93
